INSERT INTO classrooms VALUES
(1, '466'),
(2, '331'),
(3, '100/1'),
(4, '190'),
(5, '151'),
(6, '2503'),
(7, '2504'),
(8, '99'),
(9, '101')
;

INSERT INTO subjects VALUES
(1, 'ИНФОКОММУНИКАЦИОННЫЕ СИСТЕМЫ И ТЕХНОЛОГИИ'),
(2, 'ПРОГРАММИРОВАНИЕ'),
(3, 'АНГЛИЙСКИЙ ЯЗЫК'),
(4, 'МАТЕМАТИКА'),
(5, 'ИСТОРИЯ'),
(6, 'КОМПЬЮТЕРНАЯ ИНЖЕНЕРНАЯ ГРАФИКА'),
(7, 'ИНФОРМАТИКА'),
(8, 'ВВЕДЕНИЕ В ЦИФРОВУЮ КУЛЬТУРУ'),
(9, 'АРХИТЕКТУРА ЭВМ'),
(10, 'АЛГОРИТМЫ И СТРУКТУРЫ ДАННЫХ'),
(11, 'ЛИНЕЙНАЯ АЛГЕБРА'),
(12, 'ДИСКРЕТНАЯ МАТЕМАТИКА'),
(13, 'МАТЕМАТИЧЕСКИЙ АНАЛИЗ'),
(14, 'ФИЗИКА'),
(15, 'ВВЕДЕНИЕ В ПРОФЕССИОНАЛЬНУЮ ДЕЯТЕЛЬНОСТЬ')
;

INSERT INTO teachers VALUES
(1, 'Светлана', 'Валерьевна', 'Одиночкина'),
(2, 'Елена', 'Вадимовна', 'Павлычева'),
(3, 'Семен', 'Алексеевич', 'Петухов'),
(4, 'Юлия', 'Валерьевна', 'Танченко'),
(5, 'Владимир', 'Юрьевич', 'Лукьянов'),
(6, 'Антон', 'Сергеевич', 'Супрун'),
(7, 'Андрей', 'Владимирович', 'Лямин'),
(8, 'Наталья', 'Генриховна', 'Графеева'),
(9, 'Владислав', 'Вячеславович', 'Повышев'),
(10, 'Нина', 'Сергеевна', 'Буланова'),
(11, 'Татьяна', 'Федоровна', 'Панкратова'),
(12, 'Андрей', 'Федорович', 'Костко'),
(13, 'Данил', 'Анатольевич', 'Заколдаев'),
(14, 'Максим', 'Валерьевич', 'Хлопотов'),
(15, 'Алексей', 'Алексеевич', 'Киселев'),
(16, 'Антон', 'Сергеевич', 'Пермяков')
;

INSERT INTO groups VALUES
(1, 'K-3120'),
(2, 'M-3100'), 
(3, 'N-3147')
;

INSERT INTO students VALUES
(1, 'Иван', 'Иванович', 'Иванов', 1),
(2, 'Петр', 'Петрович', 'Петров', 1),
(3, 'Арсений', 'Александрович', 'Алешин', 1),
(4, 'Григорий', 'Романович', 'Василевский', 1),
(5, 'Алексей', 'Антонович', 'Веселовский', 1),
(6, 'Анастасия', 'Ивановна', 'Вяликова', 1),
(7, 'Катерина', 'Сергеевна', 'Иванова', 1),

(8, 'Евгений', 'Вадимович', 'Ибрагимов', 2),
(9, 'Алексей', 'Алексеевич', 'Федоров', 2),
(10, 'Иван', 'Петрович', 'Иванов', 2),
(11, 'Алексей', 'Дмитриевич', 'Туляков', 2),
(12, 'Тамара', 'Араратовна', 'Мартирасян', 2),
(13, 'Маргарита', 'Вадимовна', 'Валунская', 2),
(14, 'Соня', 'Кириловна', 'Нохова', 2),

(15, 'Анатолий', 'Иванович', 'Лобзик', 3),
(16, 'Станислав', 'Евгениевич', 'Лацис', 3),
(17, 'Ольга', 'Петрововна', 'Иванова', 3),
(18, 'Семен', 'Дмитриевич', 'Краснов', 3),
(19, 'Леонид', 'Кирилович', 'Попугалов', 3),
(20, 'Антон', 'Сергеевич', 'Городецкий', 3),
(21, 'Галина', 'Антоновна', 'Гордая', 3)
;

INSERT INTO schedule(day_of_week, parity, lesson, subject_id, teacher_id, group_id, classroom_id) VALUES
('MONDAY','ODD','FIRST', 3, 3, 3, 3),
('MONDAY','ODD','FIRST', 1, 1, 1, 1),
('MONDAY','ODD','FIRST', 2, 2, 2, 5),
('MONDAY','ODD','SECOND', 1, 1, 1, 1),
('MONDAY','ODD','SECOND', 2, 2, 2, 5),
('MONDAY','ODD','SECOND', 3, 3, 3, 3),
('MONDAY','ODD','THIRD', 7, 7, 3, 2),
('MONDAY','ODD','THIRD', 5, 5, 1, 1),
('MONDAY','ODD','THIRD', 6, 6, 2, 5),
('MONDAY','ODD','FOURTH', 7, 7, 3, 2),
('MONDAY','ODD','FOURTH', 9, 9, 3, 4),
('MONDAY','ODD','FOURTH', 8, 8, 2, 6),
('MONDAY','ODD','FIFTH', 4, 4, 1, 4),
('MONDAY','ODD','FIFTH', 6, 6, 3, 5),
('MONDAY','ODD','FIFTH', 5, 5, 2, 1),

('TUESDAY','ODD','FIRST', 7, 7, 2, 2),
('TUESDAY','ODD','FIRST', 6, 6, 1, 5),
('TUESDAY','ODD','FIRST', 8, 8, 3, 6),
('TUESDAY','ODD','SECOND', 7, 7, 2, 2),
('TUESDAY','ODD','SECOND', 6, 6, 3, 6),
('TUESDAY','ODD','SECOND', 8, 8, 3, 6),
('TUESDAY','ODD','THIRD', 3, 3, 1, 3),
('TUESDAY','ODD','THIRD', 5, 5, 3, 1),
('TUESDAY','ODD','THIRD', 4, 4, 2, 4),
('TUESDAY','ODD','FOURTH', 3, 3, 1, 3),
('TUESDAY','ODD','FOURTH', 5, 5, 3, 1),
('TUESDAY','ODD','FOURTH', 4, 4, 2, 4),
('TUESDAY','ODD','FIFTH', 15, 13, 3, 3),
('TUESDAY','ODD','FIFTH', 14, 12, 2, 9),
('TUESDAY','ODD','FIFTH', 11, 11, 1, 7),

('WEDNESDAY','ODD','FIRST', 11 , 15, 1, 5),
('WEDNESDAY','ODD','FIRST', 1 , 1, 3, 1),
('WEDNESDAY','ODD','FIRST', 12 , 16, 2, 6),
('WEDNESDAY','ODD','SECOND', 11, 11, 3, 7),
('WEDNESDAY','ODD','SECOND', 9, 9, 1, 4),
('WEDNESDAY','ODD','SECOND', 10, 10, 2, 7),
('WEDNESDAY','ODD','THIRD', 2, 2, 1, 5),
('WEDNESDAY','ODD','THIRD', 3, 3, 2, 3),
('WEDNESDAY','ODD','THIRD', 4, 4, 3, 4),
('WEDNESDAY','ODD','FOURTH', 2, 2, 1, 5),
('WEDNESDAY','ODD','FOURTH', 3, 3, 2, 3),
('WEDNESDAY','ODD','FOURTH', 4, 4, 3, 4),
('WEDNESDAY','ODD','FIFTH', 14, 12, 3, 8),
('WEDNESDAY','ODD','FIFTH', 10, 10, 1, 7),
('WEDNESDAY','ODD','FIFTH', 11, 11, 3, 7),

('THURSDAY','ODD','FIRST', 14, 12, 2, 8),
('THURSDAY','ODD','FIRST', 15, 13, 3, 9),
('THURSDAY','ODD','FIRST', 11, 11, 1, 7),
('THURSDAY','ODD','SECOND', 8, 8, 1, 6),
('THURSDAY','ODD','SECOND', 9, 9, 2, 4),
('THURSDAY','ODD','SECOND', 10, 10, 3, 7),
('THURSDAY','ODD','THIRD', 9, 9, 2, 4),
('THURSDAY','ODD','THIRD', 8, 8, 1, 6),
('THURSDAY','ODD','THIRD', 10, 10, 3, 7),
('THURSDAY','ODD','FOURTH', 14, 12, 1, 8),
('THURSDAY','ODD','FOURTH', 15, 13, 2, 9),
('THURSDAY','ODD','FOURTH', 8, 8, 3, 9),
('THURSDAY','ODD','FIFTH', 5, 5, 2, 1),
('THURSDAY','ODD','FIFTH', 4, 4, 1, 4),
('THURSDAY','ODD','FIFTH', 6, 6, 3, 5),

('FRIDAY','ODD','FIRST', 1, 1, 3, 1),
('FRIDAY','ODD','FIRST', 11, 15, 1, 5),
('FRIDAY','ODD','FIRST', 12, 16, 2, 6),
('FRIDAY','ODD','SECOND', 15, 13, 2, 9),
('FRIDAY','ODD','SECOND', 14, 12, 1, 8),
('FRIDAY','ODD','SECOND', 8, 14, 3, 9),
('FRIDAY','ODD','THIRD', 12, 16, 3, 6),
('FRIDAY','ODD','THIRD', 8, 14, 1, 9),
('FRIDAY','ODD','THIRD', 11, 15, 2, 5),
('FRIDAY','ODD','FOURTH', 1, 1, 2, 1),
('FRIDAY','ODD','FOURTH', 12, 16, 1, 6),
('FRIDAY','ODD','FOURTH', 2, 2, 3, 5),
('FRIDAY','ODD','FIFTH', 6, 6, 3, 5),
('FRIDAY','ODD','FIFTH', 5, 5, 3, 1),
('FRIDAY','ODD','FIFTH', 4, 4, 1, 4),

('SATURDAY','ODD','FIRST', 4, 4, 3, 4),
('SATURDAY','ODD','FIRST', 3, 3, 2, 3),
('SATURDAY','ODD','FIRST', 2, 2, 1, 5),
('SATURDAY','ODD','SECOND', 11, 15, 3, 5),
('SATURDAY','ODD','SECOND', 8, 8, 2, 9),
('SATURDAY','ODD','SECOND', 4, 4, 3, 4),
('SATURDAY','ODD','THIRD', 15, 13, 1, 9),
('SATURDAY','ODD','THIRD', 8, 14, 2, 9),
('SATURDAY','ODD','THIRD', 11, 15, 3, 5),


('MONDAY','EVEN','FIRST', 1, 1, 1, 1),
('MONDAY','EVEN','FIRST', 3, 3, 3, 3),
('MONDAY','EVEN','FIRST', 2, 2, 2, 5),
('MONDAY','EVEN','SECOND', 1, 1, 3, 1),
('MONDAY','EVEN','SECOND', 3, 3, 1, 3),
('MONDAY','EVEN','SECOND', 2, 2, 3, 5),
('MONDAY','EVEN','THIRD', 11, 11, 2, 7),
('MONDAY','EVEN','THIRD', 2, 2, 3, 5),
('MONDAY','EVEN','THIRD', 8, 8, 2, 6),
('MONDAY','EVEN','FOURTH', 7, 7, 3, 2),
('MONDAY','EVEN','FOURTH', 5, 5, 1, 1),
('MONDAY','EVEN','FOURTH', 6, 6, 2, 5),
('MONDAY','EVEN','FIFTH', 10, 10, 3, 7),
('MONDAY','EVEN','FIFTH', 11, 11, 2, 7),
('MONDAY','EVEN','FIFTH', 14, 12, 1, 8),
('MONDAY','EVEN','SIXTH', 11, 11, 2, 7),
('MONDAY','EVEN','SIXTH', 10, 10, 3, 7),
('MONDAY','EVEN','SIXTH', 14, 12, 1, 8),

('TUESDAY','EVEN','FIRST', 4, 4, 2, 4),
('TUESDAY','EVEN','FIRST', 3, 3, 3, 3),
('TUESDAY','EVEN','FIRST', 5, 5, 1, 1),
('TUESDAY','EVEN','SECOND', 7, 7, 2, 2),
('TUESDAY','EVEN','SECOND', 8, 8, 3, 6),
('TUESDAY','EVEN','SECOND', 6, 6, 1, 5),
('TUESDAY','EVEN','THIRD', 5, 5, 3, 1),
('TUESDAY','EVEN','THIRD', 4, 4, 3, 4),
('TUESDAY','EVEN','THIRD', 3, 3, 1, 3),
('TUESDAY','EVEN','FOURTH', 3, 3, 1, 3),
('TUESDAY','EVEN','FOURTH', 5, 5, 3, 1),
('TUESDAY','EVEN','FOURTH', 4, 4, 2, 4),
('TUESDAY','EVEN','FIFTH', 11, 11, 1, 7),
('TUESDAY','EVEN','FIFTH', 15, 13, 3, 9),
('TUESDAY','EVEN','FIFTH', 14, 12, 2, 8),

('WEDNESDAY','EVEN','FIRST', 11, 15, 1, 5),
('WEDNESDAY','EVEN','FIRST', 12, 16, 2, 6),
('WEDNESDAY','EVEN','FIRST', 1, 1, 3, 1),
('WEDNESDAY','EVEN','SECOND', 11, 11, 3, 7),
('WEDNESDAY','EVEN','SECOND', 10, 10, 2, 7),
('WEDNESDAY','EVEN','SECOND', 9, 9, 1, 4),
('WEDNESDAY','EVEN','THIRD', 3, 3, 2, 3),
('WEDNESDAY','EVEN','THIRD', 2, 2, 3, 5),
('WEDNESDAY','EVEN','THIRD', 4, 4, 1, 4),
('WEDNESDAY','EVEN','FOURTH', 2, 2, 3, 5),
('WEDNESDAY','EVEN','FOURTH', 3, 3, 2, 3),
('WEDNESDAY','EVEN','FOURTH', 4, 4, 1, 4),
('WEDNESDAY','EVEN','FIFTH', 10, 10, 1, 7),
('WEDNESDAY','EVEN','FIFTH', 14, 12, 3, 8),
('WEDNESDAY','EVEN','FIFTH', 11, 11, 2, 7),

('THURSDAY','EVEN','FIRST', 15, 13, 3, 9),
('THURSDAY','EVEN','FIRST', 11, 11, 1, 7),
('THURSDAY','EVEN','FIRST', 14, 12, 2, 8),
('THURSDAY','EVEN','SECOND', 9, 9, 2, 4),
('THURSDAY','EVEN','SECOND', 8, 8, 1, 6),
('THURSDAY','EVEN','SECOND', 10, 10, 3, 7),
('THURSDAY','EVEN','THIRD', 8, 8, 1, 6),
('THURSDAY','EVEN','THIRD', 9, 9, 2, 4),
('THURSDAY','EVEN','THIRD', 10, 10, 3, 7),
('THURSDAY','EVEN','FOURTH', 15, 13, 2, 9),
('THURSDAY','EVEN','FOURTH', 8, 8, 3, 9),
('THURSDAY','EVEN','FOURTH', 14, 12, 1, 8),
('THURSDAY','EVEN','FIFTH', 7, 7, 1, 2),
('THURSDAY','EVEN','FIFTH', 9, 9, 3, 4),
('THURSDAY','EVEN','FIFTH', 8, 8, 2, 6),

('FRIDAY','EVEN','FIRST', 2, 2, 3, 5),
('FRIDAY','EVEN','FIRST', 10, 10, 1, 7),
('FRIDAY','EVEN','FIRST', 6, 6, 2, 5),
('FRIDAY','EVEN','SECOND', 14, 12, 1, 8),
('FRIDAY','EVEN','SECOND', 8, 14, 3, 9),
('FRIDAY','EVEN','SECOND', 15, 13, 2, 9),
('FRIDAY','EVEN','THIRD', 3, 3, 3, 3),
('FRIDAY','EVEN','THIRD', 6, 6, 2, 5),
('FRIDAY','EVEN','THIRD', 1, 1, 1, 1),
('FRIDAY','EVEN','FOURTH', 2, 2, 3, 5),
('FRIDAY','EVEN','FOURTH', 1, 1, 2, 1),
('FRIDAY','EVEN','FOURTH', 12, 16, 1, 6),
('FRIDAY','EVEN','FIFTH', 8, 8, 3, 6),
('FRIDAY','EVEN','FIFTH', 10, 10, 2, 7),
('FRIDAY','EVEN','FIFTH', 14, 12, 1, 8),

('SATURDAY','EVEN','FIRST', 4, 4, 1, 4),
('SATURDAY','EVEN','FIRST', 7, 7, 2, 2),
('SATURDAY','EVEN','FIRST', 10, 10, 3, 7),
('SATURDAY','EVEN','SECOND', 8, 14, 2, 9),
('SATURDAY','EVEN','SECOND', 15, 13, 3, 9),
('SATURDAY','EVEN','SECOND', 11, 15, 3, 5),
('SATURDAY','EVEN','THIRD', 8, 8, 2, 9),
('SATURDAY','EVEN','THIRD', 11, 15, 3, 5),
('SATURDAY','EVEN','THIRD', 15, 13, 1, 9)
;
